slot,charge (MW),discharge (MW),energy (MWh),r_up (MW),r_down (MW),u_charge,u_discharge,u_r_up,u_r_down,rt_price,r_up_price,r_down_price,energy_revenue,reserve_revenue,total_revenue,objective,reserve_retainer
0,0.0,0.0,50.0,0.0,0.0,1.0,0.0,0.0,0.0,51.76,2.0,7.02,0.0,0.0,0.0,8595.71,0.0
1,0.0,10.0,38.89,0.0,0.0,0.0,1.0,0.0,0.0,84.92,8.62,2.27,424.62,0.0,424.62,8057.7,0.0
2,0.0,10.0,27.78,0.0,0.0,0.0,1.0,0.0,0.0,63.37,2.15,8.05,316.87,0.0,316.87,6616.53,0.0
3,0.0,0.0,27.78,0.0,7.5,0.0,0.0,0.0,1.0,62.44,4.58,7.97,0.0,29.91,29.91,6192.89,29.91
4,10.0,0.0,36.78,0.0,0.0,1.0,0.0,0.0,0.0,40.87,8.18,1.23,-204.35,0.0,-204.35,6722.35,0.0
5,10.0,0.0,45.78,0.0,0.0,1.0,0.0,0.0,0.0,42.7,2.35,7.61,-213.52,0.0,-213.52,7808.33,0.0
6,10.0,0.0,54.78,0.0,0.0,1.0,-0.0,-0.0,0.0,32.03,3.06,2.03,-160.15,0.0,-160.15,8870.97,0.0
7,0.0,10.0,43.67,0.0,0.0,0.0,1.0,0.0,0.0,72.03,7.5,3.68,360.14,0.0,360.14,8670.36,0.0
8,0.0,0.0,43.67,2.5,0.0,0.0,0.0,1.0,0.0,62.82,7.48,6.95,0.0,9.35,9.35,8128.44,9.35
9,0.0,10.0,32.56,0.0,0.0,0.0,1.0,-0.0,0.0,63.81,6.77,2.29,319.06,0.0,319.06,7524.38,0.0
10,10.0,0.0,41.56,0.0,0.0,1.0,0.0,0.0,0.0,35.34,7.25,7.54,-176.68,0.0,-176.68,7343.79,0.0
11,0.0,10.0,30.44,0.0,0.0,0.0,1.0,0.0,-0.0,82.08,5.88,7.66,410.4,0.0,410.4,7158.39,0.0
12,0.0,10.0,19.33,0.0,0.0,0.0,1.0,0.0,0.0,70.91,3.27,5.06,354.56,0.0,354.56,5781.78,0.0
13,10.0,0.0,28.33,0.0,0.0,1.0,0.0,0.0,0.0,43.13,4.11,1.05,-215.63,0.0,-215.63,5563.22,0.0
14,10.0,0.0,37.33,0.0,0.0,1.0,0.0,0.0,0.0,41.64,2.63,3.3,-208.18,0.0,-208.18,6487.97,0.0
15,0.0,0.0,37.33,0.0,7.5,0.0,0.0,0.0,1.0,35.2,9.18,5.94,0.0,22.26,22.26,7147.65,22.26
16,0.0,0.0,37.33,0.0,7.5,0.0,0.0,0.0,1.0,49.24,6.25,8.85,0.0,33.19,33.19,7149.9,33.19
17,0.0,0.0,37.33,0.0,5.0,0.0,0.0,0.0,1.0,56.29,4.61,6.05,0.0,15.14,15.14,7083.53,15.14
18,0.0,0.0,37.33,0.0,0.0,1.0,-0.0,0.0,0.0,54.86,5.16,3.08,0.0,0.0,0.0,7134.66,0.0
19,0.0,0.0,37.33,0.0,0.0,1.0,0.0,0.0,0.0,42.76,9.53,6.07,0.0,0.0,0.0,7145.7,0.0
20,0.0,10.0,26.22,0.0,0.0,0.0,1.0,0.0,0.0,64.55,2.38,5.32,322.74,0.0,322.74,6735.04,0.0
21,10.0,0.0,35.22,0.0,0.0,1.0,0.0,0.0,0.0,35.87,6.28,7.24,-179.33,0.0,-179.33,6605.79,0.0
22,0.0,0.0,35.22,0.0,7.5,0.0,0.0,0.0,1.0,39.72,5.55,1.86,0.0,6.96,6.96,7331.58,6.96
23,0.0,0.0,35.22,0.0,7.5,0.0,0.0,0.0,1.0,52.37,6.5,7.09,0.0,26.58,26.58,7474.96,26.58
24,0.0,0.0,35.22,0.0,0.0,1.0,0.0,0.0,0.0,48.72,1.16,5.33,0.0,0.0,0.0,7422.31,0.0
25,0.0,10.0,24.11,0.0,0.0,0.0,1.0,0.0,0.0,67.45,8.85,8.7,337.26,0.0,337.26,6826.12,0.0
26,-0.0,0.0,24.11,5.0,0.0,0.0,0.0,1.0,0.0,44.48,9.39,3.73,0.0,23.47,23.47,6400.87,23.47
27,0.0,0.0,24.11,0.0,7.5,0.0,0.0,0.0,1.0,60.22,6.09,6.06,0.0,22.73,22.73,6443.1,22.73
28,0.0,0.0,24.11,0.0,5.0,0.0,0.0,0.0,1.0,60.36,7.27,8.46,0.0,21.14,21.14,6447.03,21.14
29,10.0,0.0,33.11,0.0,0.0,1.0,-0.0,0.0,0.0,33.64,9.3,1.82,-168.2,0.0,-168.2,6976.63,0.0
30,0.0,0.0,33.11,2.5,0.0,0.0,0.0,1.0,0.0,59.86,7.37,8.5,0.0,9.21,9.21,7335.77,9.21
31,10.0,0.0,42.11,0.0,0.0,1.0,0.0,0.0,0.0,36.46,2.37,6.5,-182.29,0.0,-182.29,7836.2,0.0
32,10.0,0.0,51.11,0.0,0.0,1.0,0.0,0.0,0.0,31.54,6.19,1.54,-157.7,0.0,-157.7,8751.04,0.0
33,0.0,10.0,40.0,0.0,0.0,0.0,1.0,0.0,0.0,79.17,6.46,3.41,395.85,0.0,395.85,8763.88,0.0
34,0.0,10.0,28.89,0.0,0.0,0.0,1.0,0.0,0.0,80.81,4.82,6.67,404.03,0.0,404.03,7442.88,0.0
35,0.0,10.0,17.78,0.0,0.0,0.0,1.0,0.0,-0.0,73.34,7.63,1.54,366.68,0.0,366.68,6051.81,0.0
36,0.0,0.0,17.78,0.0,7.5,0.0,-0.0,0.0,1.0,48.13,9.41,5.66,0.0,21.22,21.22,5413.21,21.22
37,10.0,0.0,26.78,0.0,0.0,1.0,0.0,0.0,0.0,30.8,9.33,3.77,-153.98,0.0,-153.98,5895.44,0.0
38,0.0,10.0,15.67,0.0,0.0,0.0,1.0,0.0,0.0,64.16,5.06,5.97,320.78,0.0,320.78,5689.95,0.0
39,0.0,0.0,15.67,0.0,0.0,1.0,0.0,0.0,0.0,47.58,2.02,1.37,0.0,0.0,0.0,5164.0,0.0
40,10.0,0.0,24.67,0.0,0.0,1.0,0.0,0.0,0.0,36.6,9.86,7.97,-182.99,0.0,-182.99,5679.95,0.0
41,0.0,0.0,24.67,0.0,5.0,0.0,0.0,0.0,1.0,54.17,8.55,8.79,0.0,21.97,21.97,6198.05,21.97
42,10.0,0.0,33.67,0.0,0.0,1.0,0.0,0.0,0.0,35.6,2.12,8.75,-177.98,0.0,-177.98,6719.34,0.0
43,0.0,10.0,22.56,0.0,0.0,0.0,1.0,0.0,0.0,73.98,9.29,7.0,369.88,0.0,369.88,6484.2,0.0
44,10.0,0.0,31.56,0.0,0.0,1.0,0.0,0.0,0.0,39.11,8.83,2.04,-195.55,0.0,-195.55,6334.09,0.0
45,0.0,0.0,30.39,0.0,0.0,1.0,0.0,0.0,0.0,59.56,5.67,7.07,0.0,0.0,0.0,6721.59,0.0
46,0.0,0.0,30.39,5.0,0.0,0.0,0.0,1.0,0.0,48.2,6.32,1.2,0.0,15.8,15.8,6763.43,15.8
47,0.0,0.0,30.39,0.0,5.0,0.0,0.0,0.0,1.0,57.19,4.59,1.18,0.0,2.94,2.94,6776.46,2.94
48,0.0,0.0,30.39,0.0,7.5,0.0,0.0,0.0,1.0,53.35,1.49,3.59,0.0,13.46,13.46,6770.57,13.46
49,10.0,0.0,39.39,0.0,0.0,1.0,-0.0,0.0,0.0,35.08,4.02,4.91,-175.42,0.0,-175.42,7300.31,0.0
50,0.0,10.0,28.28,0.0,0.0,0.0,1.0,0.0,0.0,80.49,8.23,7.16,402.44,0.0,402.44,7105.19,0.0
51,0.0,10.0,17.17,0.0,0.0,0.0,1.0,0.0,0.0,64.48,1.04,6.47,322.42,0.0,322.42,5679.48,0.0
52,0.0,10.0,6.06,0.0,0.0,0.0,1.0,0.0,0.0,80.19,4.0,4.57,400.97,0.0,400.97,4287.07,0.0
53,0.0,0.0,5.56,0.0,0.0,1.0,0.0,0.0,0.0,76.8,4.58,3.19,0.0,0.0,0.0,3483.37,0.0
54,0.0,0.0,5.56,5.0,0.0,0.0,0.0,1.0,0.0,55.71,5.84,8.98,0.0,14.59,14.59,3638.52,14.59
55,-0.0,0.0,-0.0,0.0,0.0,1.0,0.0,0.0,0.0,71.94,9.28,4.41,0.0,0.0,0.0,2885.39,0.0
56,10.0,0.0,9.0,0.0,0.0,1.0,0.0,0.0,0.0,39.29,4.12,4.61,-196.46,0.0,-196.46,3480.87,0.0
57,10.0,0.0,18.0,0.0,0.0,1.0,0.0,0.0,0.0,38.54,4.12,2.31,-192.71,0.0,-192.71,4605.52,0.0
58,10.0,0.0,27.0,0.0,0.0,1.0,0.0,0.0,0.0,30.97,7.64,7.36,-154.84,0.0,-154.84,5580.33,0.0
59,0.49,0.0,31.72,0.0,0.0,1.0,0.0,0.0,0.0,49.39,5.07,6.55,-12.2,0.0,-12.2,6453.74,0.0
60,0.0,0.0,31.72,5.0,0.0,0.0,0.0,1.0,0.0,53.91,3.02,2.77,0.0,7.55,7.55,6589.38,7.55
61,10.0,0.0,40.72,0.0,0.0,1.0,-0.0,0.0,0.0,48.43,5.07,1.66,-242.14,0.0,-242.14,7085.7,0.0
62,0.0,10.0,29.61,0.0,0.0,0.0,1.0,0.0,0.0,73.97,2.27,6.44,369.85,0.0,369.85,6940.85,0.0
63,0.0,0.0,29.61,0.0,7.5,0.0,0.0,0.0,1.0,46.6,2.59,6.24,0.0,23.39,23.39,6234.38,23.39
64,0.0,0.0,34.11,5.0,0.0,0.0,0.0,1.0,0.0,39.88,5.49,3.19,0.0,13.71,13.71,6704.44,13.71
65,0.0,0.0,34.11,0.0,5.0,0.0,0.0,0.0,1.0,59.91,4.77,8.61,0.0,21.52,21.52,6995.03,21.52
66,10.0,0.0,43.11,0.0,0.0,1.0,0.0,0.0,0.0,37.63,9.23,2.21,-188.15,0.0,-188.15,7591.29,0.0
67,0.0,10.0,32.0,0.0,0.0,0.0,1.0,0.0,0.0,69.35,4.26,4.46,346.76,0.0,346.76,7408.3,0.0
68,10.0,0.0,41.0,0.0,0.0,1.0,0.0,0.0,0.0,37.79,6.23,8.55,-188.96,0.0,-188.96,7355.09,0.0
69,0.0,10.0,29.89,0.0,0.0,0.0,1.0,0.0,0.0,75.46,6.69,4.36,377.28,0.0,377.28,7190.92,0.0
70,0.0,10.0,18.78,0.0,0.0,0.0,1.0,0.0,0.0,68.54,1.12,6.11,342.69,0.0,342.69,5810.92,0.0
71,10.0,0.0,27.78,0.0,0.0,1.0,0.0,0.0,0.0,35.05,6.97,4.18,-175.25,0.0,-175.25,5778.38,0.0
72,10.0,0.0,36.78,0.0,0.0,1.0,-0.0,0.0,0.0,29.96,2.6,3.19,-149.81,0.0,-149.81,6740.39,0.0
73,0.0,10.0,25.67,0.0,0.0,0.0,1.0,0.0,0.0,66.34,9.65,8.87,331.68,0.0,331.68,6513.83,0.0
74,0.0,0.0,25.67,0.0,7.5,0.0,0.0,0.0,1.0,61.53,2.34,4.27,0.0,16.03,16.03,5913.3,16.03
75,0.0,0.0,25.67,5.0,0.0,0.0,0.0,1.0,0.0,62.63,4.73,8.15,0.0,11.83,11.83,5881.24,11.83
76,0.0,10.0,14.56,0.0,0.0,0.0,1.0,0.0,0.0,70.06,1.77,2.84,350.28,0.0,350.28,5216.0,0.0
77,10.0,0.0,23.56,0.0,0.0,1.0,0.0,0.0,0.0,36.16,9.97,2.7,-180.81,0.0,-180.81,5051.0,0.0
78,0.0,0.0,23.78,0.0,0.0,1.0,0.0,0.0,0.0,48.76,5.52,1.25,0.0,0.0,0.0,5490.8,0.0
79,10.0,0.0,32.78,0.0,0.0,1.0,0.0,0.0,0.0,40.42,6.36,6.21,-202.08,0.0,-202.08,6210.42,0.0
80,0.0,10.0,21.67,0.0,0.0,0.0,1.0,0.0,0.0,71.9,1.6,3.95,359.52,0.0,359.52,6098.56,0.0
81,0.0,0.0,21.67,0.0,0.0,1.0,0.0,0.0,0.0,59.02,7.75,7.91,0.0,0.0,0.0,5372.4,0.0
82,0.0,0.0,21.67,0.0,5.0,0.0,0.0,0.0,1.0,50.23,2.89,4.79,0.0,11.96,11.96,5479.66,11.96
83,10.0,0.0,30.67,0.0,0.0,1.0,0.0,0.0,0.0,30.41,9.08,8.75,-152.07,0.0,-152.07,5973.78,0.0
84,0.0,0.0,30.67,5.0,0.0,0.0,0.0,1.0,0.0,50.18,2.85,2.48,0.0,7.12,7.12,6342.42,7.12
85,0.0,0.0,30.67,0.0,5.0,0.0,0.0,0.0,1.0,41.38,2.72,7.95,0.0,19.87,19.87,6347.22,19.87
86,0.0,6.2,21.67,0.0,0.0,0.0,1.0,0.0,0.0,71.18,1.33,7.21,220.66,0.0,220.66,5672.61,0.0
87,0.0,0.0,21.67,0.0,0.0,1.0,-0.0,0.0,0.0,57.31,5.25,7.17,0.0,0.0,0.0,5513.54,0.0
88,0.0,10.0,10.56,0.0,0.0,0.0,1.0,0.0,0.0,78.27,6.08,7.76,391.36,0.0,391.36,4861.74,0.0
89,0.0,0.0,10.56,0.0,7.5,0.0,0.0,0.0,1.0,53.89,1.59,7.09,0.0,26.58,26.58,4128.45,26.58
90,10.0,0.0,19.56,0.0,0.0,1.0,0.0,0.0,0.0,40.91,7.98,6.01,-204.55,0.0,-204.55,4727.11,0.0
91,0.0,0.0,19.56,0.0,7.5,0.0,0.0,0.0,1.0,61.4,5.08,2.05,0.0,7.69,7.69,5126.89,7.69
92,0.0,0.0,14.0,5.0,0.0,0.0,-0.0,1.0,0.0,68.58,5.72,1.26,0.0,14.3,14.3,4643.76,14.3
93,0.0,0.0,14.0,0.0,5.0,0.0,0.0,0.0,1.0,62.76,4.97,8.37,0.0,20.92,20.92,4772.58,20.92
94,0.0,0.0,8.44,0.0,5.0,0.0,0.0,0.0,1.0,68.78,4.61,5.93,0.0,14.83,14.83,4074.93,14.83
95,0.0,0.0,8.44,2.5,0.0,0.0,0.0,1.0,0.0,55.98,6.04,7.37,0.0,7.55,7.55,4045.26,7.55
96,0.0,0.0,8.44,0.0,7.5,0.0,0.0,0.0,1.0,58.09,2.4,4.85,0.0,18.2,18.2,4075.85,18.2
97,0.0,0.0,8.44,0.0,5.0,0.0,0.0,0.0,1.0,50.92,2.64,1.94,0.0,4.85,4.85,4039.46,4.85
98,10.0,0.0,17.44,0.0,0.0,1.0,0.0,0.0,0.0,32.55,8.76,2.0,-162.73,0.0,-162.73,4555.68,0.0
99,10.0,0.0,26.44,0.0,0.0,1.0,0.0,0.0,0.0,36.24,9.52,6.48,-181.19,0.0,-181.19,5546.53,0.0
100,10.0,0.0,35.44,0.0,0.0,1.0,0.0,0.0,0.0,35.58,4.36,4.44,-177.92,0.0,-177.92,6460.8,0.0
101,0.0,0.0,32.78,0.0,0.0,1.0,-0.0,0.0,0.0,57.27,3.44,2.6,0.0,0.0,0.0,6514.86,0.0
102,0.0,0.0,32.78,0.0,7.5,0.0,0.0,0.0,1.0,43.53,6.8,4.93,0.0,18.5,18.5,6514.86,18.5
103,0.0,0.0,32.78,0.0,0.0,1.0,0.0,0.0,0.0,59.93,4.68,1.51,0.0,0.0,0.0,6765.31,0.0
104,0.0,10.0,21.67,0.0,0.0,0.0,1.0,0.0,0.0,79.28,1.23,5.66,396.4,0.0,396.4,6135.97,0.0
105,10.0,0.0,30.67,0.0,0.0,1.0,0.0,0.0,0.0,42.02,2.41,3.15,-210.11,0.0,-210.11,5891.89,0.0
106,0.0,0.0,30.67,2.5,0.0,0.0,0.0,1.0,0.0,51.72,7.44,7.38,0.0,9.3,9.3,6391.59,9.3
107,0.0,10.0,19.56,0.0,0.0,0.0,1.0,0.0,0.0,65.55,6.93,3.48,327.76,0.0,327.76,6018.82,0.0
108,10.0,0.0,28.56,0.0,0.0,1.0,-0.0,0.0,0.0,38.32,1.24,4.64,-191.61,0.0,-191.61,5850.75,0.0
109,10.0,0.0,37.56,0.0,0.0,1.0,0.0,0.0,0.0,33.49,3.0,1.09,-167.43,0.0,-167.43,6897.7,0.0
110,0.0,0.0,37.56,5.0,0.0,0.0,0.0,1.0,0.0,43.02,3.08,1.58,0.0,7.7,7.7,7379.73,7.7
111,10.0,0.0,46.56,0.0,0.0,1.0,0.0,0.0,0.0,38.9,7.05,4.14,-194.49,0.0,-194.49,7918.37,0.0
112,0.0,10.0,35.44,0.0,0.0,0.0,1.0,0.0,0.0,72.26,1.18,4.84,361.31,0.0,361.31,7805.63,0.0
113,0.0,10.0,24.33,0.0,0.0,0.0,1.0,0.0,0.0,75.15,1.94,5.8,375.75,0.0,375.75,6416.98,0.0
114,0.0,0.0,24.33,0.0,7.5,0.0,0.0,0.0,1.0,66.53,8.2,3.33,0.0,12.5,12.5,5735.6,12.5
115,0.0,10.0,13.22,0.0,0.0,0.0,1.0,0.0,-0.0,75.55,2.61,6.56,377.77,0.0,377.77,5066.28,0.0
116,0.0,1.9,6.61,0.0,0.0,0.0,1.0,0.0,0.0,70.54,6.87,7.88,67.02,0.0,67.02,3641.93,0.0
117,10.0,0.0,15.61,0.0,0.0,1.0,0.0,0.0,0.0,37.42,3.14,7.24,-187.12,0.0,-187.12,4052.22,0.0
118,0.0,8.1,5.56,0.0,0.0,0.0,1.0,0.0,-0.0,77.77,1.89,1.32,314.95,0.0,314.95,4023.43,0.0
119,0.0,0.0,5.56,0.0,0.0,1.0,0.0,0.0,0.0,58.81,3.19,4.84,0.0,0.0,0.0,3436.02,0.0
120,0.0,0.0,5.56,5.0,0.0,0.0,0.0,1.0,0.0,67.0,7.5,1.84,0.0,18.75,18.75,3475.89,18.75
121,0.0,0.0,0.0,0.0,5.0,0.0,0.0,0.0,1.0,78.91,8.7,2.94,0.0,7.34,7.34,2705.02,7.34
122,1.73,0.0,5.28,0.0,0.0,1.0,0.0,0.0,0.0,49.13,8.47,8.89,-42.45,0.0,-42.45,3327.17,0.0
123,10.0,0.0,14.28,0.0,0.0,1.0,0.0,0.0,0.0,40.0,4.57,2.14,-200.0,0.0,-200.0,4026.84,0.0
124,10.0,0.0,23.28,0.0,0.0,1.0,0.0,0.0,0.0,43.65,7.01,4.99,-218.27,0.0,-218.27,4931.84,0.0
125,0.0,0.0,23.28,0.0,5.0,0.0,0.0,0.0,1.0,52.49,2.84,5.95,0.0,14.86,14.86,5481.22,14.86
126,0.0,10.0,12.17,0.0,0.0,0.0,1.0,0.0,0.0,70.08,3.64,6.62,350.42,0.0,350.42,4839.09,0.0
127,0.0,10.0,1.06,0.0,0.0,0.0,1.0,0.0,0.0,77.36,9.07,5.48,386.82,0.0,386.82,3607.34,0.0
128,10.0,0.0,10.06,0.0,0.0,1.0,0.0,0.0,0.0,34.01,1.12,1.08,-170.04,0.0,-170.04,3380.48,0.0
129,0.0,0.0,10.06,2.5,0.0,0.0,0.0,1.0,0.0,50.99,1.77,3.61,0.0,2.21,2.21,3825.24,2.21
130,0.0,0.0,10.06,0.0,0.0,1.0,0.0,0.0,0.0,46.13,2.87,5.14,0.0,0.0,0.0,3820.81,0.0
131,10.0,0.0,19.06,0.0,0.0,1.0,0.0,0.0,0.0,39.87,1.24,1.7,-199.35,0.0,-199.35,4517.0,0.0
132,10.0,0.0,28.06,0.0,0.0,1.0,0.0,0.0,0.0,39.1,2.63,3.81,-195.49,0.0,-195.49,5498.08,0.0
133,0.0,0.0,28.06,2.5,0.0,0.0,0.0,1.0,0.0,51.75,6.25,1.27,0.0,7.81,7.81,5898.01,7.81
134,0.0,10.0,16.94,0.0,0.0,0.0,1.0,0.0,0.0,73.65,4.79,1.63,368.25,0.0,368.25,5300.5,0.0
135,0.0,0.0,16.94,0.0,0.0,1.0,0.0,0.0,0.0,47.1,9.03,4.18,0.0,0.0,0.0,4769.33,0.0
136,0.0,0.0,16.94,5.0,0.0,0.0,0.0,1.0,0.0,54.75,8.36,2.06,0.0,20.89,20.89,4939.77,20.89
137,0.0,0.0,11.39,0.0,5.0,0.0,0.0,0.0,1.0,69.85,4.08,5.54,0.0,13.85,13.85,4274.18,13.85
138,0.0,0.0,11.39,0.0,0.0,1.0,0.0,0.0,0.0,51.6,3.33,6.52,0.0,0.0,0.0,4302.65,0.0
139,0.0,-0.0,5.83,0.0,5.0,0.0,-0.0,0.0,1.0,81.97,4.42,7.4,-0.0,18.51,18.51,3656.36,18.51
140,0.0,0.5,0.0,0.0,0.0,0.0,1.0,0.0,0.0,77.81,6.31,2.6,19.45,0.0,19.45,2886.16,0.0
141,10.0,0.0,9.0,0.0,0.0,1.0,0.0,0.0,0.0,41.74,3.41,2.34,-208.69,0.0,-208.69,3390.21,0.0
142,0.0,0.0,9.0,0.0,0.0,1.0,0.0,0.0,0.0,52.6,6.62,1.84,0.0,0.0,0.0,3898.13,0.0
143,0.0,0.0,9.0,0.0,7.5,0.0,0.0,0.0,1.0,40.61,4.68,6.09,0.0,22.84,22.84,3898.13,22.84
144,2.35,0.0,10.28,0.0,0.0,1.0,0.0,0.0,0.0,47.89,5.97,6.65,-56.17,0.0,-56.17,4124.96,0.0
145,10.0,0.0,19.28,0.0,0.0,1.0,0.0,0.0,0.0,34.97,4.93,1.25,-174.87,0.0,-174.87,4873.29,0.0
146,0.0,0.0,19.28,0.0,7.5,0.0,0.0,0.0,1.0,65.48,3.65,8.49,0.0,31.84,31.84,5271.62,31.84
147,0.0,0.0,19.28,0.0,0.0,1.0,0.0,0.0,0.0,60.1,9.54,1.42,0.0,0.0,0.0,5207.95,0.0
148,10.0,0.0,28.28,0.0,0.0,1.0,0.0,0.0,0.0,33.13,7.87,5.33,-165.64,0.0,-165.64,5698.77,0.0
149,10.0,0.0,33.83,0.0,0.0,1.0,0.0,0.0,0.0,46.62,2.26,6.67,-233.11,0.0,-233.11,6271.86,0.0
150,0.0,10.0,22.72,0.0,0.0,0.0,1.0,0.0,0.0,79.86,8.82,7.97,399.3,0.0,399.3,6276.2,0.0
151,10.0,0.0,31.72,0.0,0.0,1.0,0.0,0.0,0.0,45.47,5.39,6.71,-227.37,0.0,-227.37,6148.43,0.0
152,10.0,0.0,40.72,0.0,0.0,1.0,0.0,0.0,0.0,34.72,9.05,7.41,-173.59,0.0,-173.59,7187.6,0.0
153,0.0,0.0,40.72,0.0,7.5,0.0,0.0,0.0,1.0,53.98,8.2,3.72,0.0,13.93,13.93,7661.34,13.93
154,0.0,10.0,29.61,0.0,0.0,0.0,1.0,0.0,0.0,75.57,4.83,7.52,377.87,0.0,377.87,7054.91,0.0
155,10.0,0.0,38.61,0.0,0.0,1.0,0.0,0.0,0.0,46.64,1.2,1.64,-233.22,0.0,-233.22,6764.49,0.0
156,0.0,0.0,38.61,0.0,7.5,0.0,0.0,0.0,1.0,64.67,3.42,8.16,0.0,30.59,30.59,7478.42,30.59
157,0.0,10.0,27.5,0.0,0.0,0.0,1.0,0.0,0.0,65.37,5.87,5.38,326.84,0.0,326.84,6827.47,0.0
158,0.0,0.0,27.5,0.0,7.5,0.0,0.0,0.0,1.0,43.6,6.7,7.54,0.0,28.27,28.27,6146.66,28.27
159,0.0,10.0,16.39,0.0,0.0,0.0,1.0,0.0,0.0,67.59,3.32,4.62,337.96,0.0,337.96,5450.41,0.0
160,0.0,0.0,16.39,0.0,0.0,1.0,0.0,0.0,0.0,46.97,2.25,6.15,0.0,0.0,0.0,4996.78,0.0
161,0.0,0.0,16.39,2.5,0.0,0.0,-0.0,1.0,0.0,57.75,8.51,5.21,0.0,10.64,10.64,5042.17,10.64
162,0.0,0.0,16.39,0.0,0.0,1.0,0.0,0.0,0.0,63.39,9.86,6.85,0.0,0.0,0.0,5055.21,0.0
163,0.0,0.0,16.39,0.0,0.0,1.0,0.0,0.0,0.0,56.99,5.73,1.65,0.0,0.0,0.0,5148.04,0.0
164,10.0,0.0,25.39,0.0,0.0,1.0,0.0,0.0,0.0,37.24,2.55,1.48,-186.19,0.0,-186.19,5778.07,0.0
165,0.0,10.0,14.28,0.0,0.0,0.0,1.0,0.0,0.0,71.97,3.45,2.98,359.83,0.0,359.83,5580.44,0.0
166,0.0,0.0,14.28,0.0,7.5,0.0,0.0,0.0,1.0,49.56,1.17,2.28,0.0,8.54,8.54,4862.78,8.54
167,10.0,0.0,23.28,0.0,0.0,1.0,0.0,0.0,0.0,39.84,9.23,7.97,-199.22,0.0,-199.22,5463.93,0.0
168,10.0,0.0,32.28,0.0,0.0,1.0,0.0,0.0,0.0,32.65,2.06,2.75,-163.24,0.0,-163.24,6451.84,0.0
169,0.0,0.0,32.28,0.0,7.5,0.0,0.0,0.0,1.0,63.31,6.19,8.81,0.0,33.03,33.03,6826.18,33.03
170,0.0,2.9,25.11,0.0,0.0,0.0,1.0,0.0,0.0,62.91,3.47,3.7,91.22,0.0,91.22,6199.28,0.0
171,10.0,0.0,34.11,0.0,0.0,1.0,0.0,0.0,0.0,27.17,5.99,2.46,-135.85,0.0,-135.85,6535.38,0.0
172,0.0,0.0,34.11,0.0,5.0,0.0,-0.0,0.0,1.0,50.89,6.86,7.32,0.0,18.29,18.29,6981.42,18.29
173,10.0,0.0,43.11,0.0,0.0,1.0,0.0,0.0,0.0,43.88,8.47,6.27,-219.38,0.0,-219.38,7454.92,0.0
174,0.0,0.0,43.11,0.0,5.0,0.0,-0.0,0.0,1.0,63.46,2.86,4.99,0.0,12.46,12.46,7948.3,12.46
175,10.0,0.0,52.11,0.0,0.0,1.0,0.0,0.0,0.0,40.76,1.1,5.44,-203.8,0.0,-203.8,8425.84,0.0
176,0.0,10.0,41.0,0.0,0.0,0.0,1.0,0.0,0.0,61.68,2.23,6.75,308.38,0.0,308.38,8263.92,0.0
177,0.0,0.0,41.0,0.0,0.0,1.0,0.0,0.0,0.0,45.7,9.1,2.83,0.0,0.0,0.0,7618.45,0.0
178,0.0,10.0,29.89,0.0,0.0,0.0,1.0,-0.0,0.0,71.98,8.87,8.97,359.91,0.0,359.91,7009.9,0.0
179,10.0,0.0,38.89,0.0,0.0,1.0,0.0,0.0,0.0,35.38,6.38,8.8,-176.91,0.0,-176.91,7036.96,0.0
180,0.0,0.0,38.89,0.0,0.0,1.0,0.0,0.0,0.0,47.95,6.4,6.2,0.0,0.0,0.0,7446.69,0.0
181,10.0,0.0,47.89,0.0,0.0,1.0,0.0,0.0,0.0,34.6,6.99,2.6,-172.98,0.0,-172.98,8099.98,0.0
182,0.0,10.0,36.78,0.0,0.0,0.0,1.0,0.0,0.0,75.61,2.58,6.44,378.05,0.0,378.05,7880.73,0.0
183,0.0,10.0,25.67,0.0,0.0,0.0,1.0,0.0,0.0,77.91,9.23,1.58,389.54,0.0,389.54,6566.2,0.0
184,10.0,0.0,34.67,0.0,0.0,1.0,-0.0,-0.0,0.0,41.38,4.77,1.25,-206.9,0.0,-206.9,6336.45,0.0
185,0.0,0.0,34.67,0.0,5.0,0.0,-0.0,0.0,1.0,63.14,4.45,3.06,0.0,7.65,7.65,6813.09,7.65
186,0.0,10.0,23.56,0.0,0.0,0.0,1.0,0.0,0.0,73.7,5.67,4.7,368.49,0.0,368.49,6230.43,0.0
187,0.0,0.0,23.56,0.0,5.0,0.0,0.0,0.0,1.0,56.73,1.42,7.95,0.0,19.87,19.87,5544.88,19.87
188,0.0,0.0,23.56,0.0,7.5,0.0,0.0,0.0,1.0,57.7,2.5,6.82,0.0,25.57,25.57,5582.32,25.57
189,10.0,0.0,32.56,0.0,0.0,1.0,0.0,0.0,0.0,45.72,7.64,6.94,-228.58,0.0,-228.58,6056.5,0.0
190,10.0,0.0,41.56,0.0,0.0,1.0,0.0,0.0,0.0,39.15,1.75,4.4,-195.75,0.0,-195.75,7032.43,0.0
191,0.0,10.0,30.44,0.0,0.0,0.0,1.0,0.0,0.0,71.33,6.43,3.77,356.66,0.0,356.66,6958.83,0.0
192,0.0,10.0,19.33,0.0,0.0,0.0,1.0,0.0,0.0,79.29,3.21,3.97,396.43,0.0,396.43,5563.87,0.0
193,0.0,0.0,19.33,0.0,5.0,0.0,0.0,0.0,1.0,61.58,4.5,8.9,0.0,22.25,22.25,5043.12,22.25
194,0.0,0.0,19.33,5.0,0.0,0.0,0.0,1.0,0.0,44.53,3.6,1.32,0.0,9.0,9.0,5157.85,9.0
195,0.0,0.0,19.33,5.0,0.0,0.0,0.0,1.0,0.0,47.05,4.2,7.94,0.0,10.5,10.5,5271.15,10.5
196,0.0,0.0,16.67,0.0,0.0,1.0,0.0,0.0,0.0,71.1,7.47,5.63,0.0,0.0,0.0,4931.83,0.0
197,0.0,10.0,5.56,0.0,0.0,0.0,1.0,0.0,0.0,74.78,3.67,4.51,373.91,0.0,373.91,4241.9,0.0
198,0.0,0.0,0.0,0.0,5.0,0.0,0.0,0.0,1.0,72.64,6.1,6.8,0.0,17.01,17.01,3087.0,17.01
199,0.0,0.0,0.0,0.0,0.0,1.0,0.0,0.0,0.0,70.33,5.28,4.89,0.0,0.0,0.0,3070.55,0.0
200,0.0,0.0,0.0,0.0,7.5,0.0,0.0,0.0,1.0,59.5,6.97,7.99,0.0,29.95,29.95,3227.36,29.95
201,10.0,0.0,9.0,0.0,0.0,1.0,-0.0,0.0,-0.0,29.97,9.43,8.21,-149.83,0.0,-149.83,3824.61,0.0
202,10.0,0.0,18.0,0.0,0.0,1.0,0.0,0.0,0.0,34.37,7.59,4.37,-171.85,0.0,-171.85,4809.6,0.0
203,0.0,10.0,6.89,0.0,0.0,0.0,1.0,0.0,0.0,71.21,2.93,3.21,356.04,0.0,356.04,4590.3,0.0
204,0.0,0.0,6.89,2.5,0.0,0.0,0.0,1.0,0.0,56.84,1.28,5.74,0.0,1.6,1.6,3841.02,1.6
205,10.0,0.0,15.89,0.0,0.0,1.0,0.0,0.0,0.0,26.85,3.36,8.3,-134.24,0.0,-134.24,4469.95,0.0
206,10.0,0.0,24.89,0.0,0.0,1.0,0.0,0.0,0.0,36.48,6.36,2.69,-182.41,0.0,-182.41,5326.1,0.0
207,0.0,0.0,24.89,2.5,0.0,0.0,-0.0,1.0,0.0,59.99,1.46,5.98,0.0,1.83,1.83,5715.83,1.83
208,10.0,0.0,33.89,0.0,0.0,1.0,0.0,0.0,0.0,28.71,5.47,6.05,-143.55,0.0,-143.55,6262.52,0.0
209,10.0,0.0,42.89,0.0,0.0,1.0,-0.0,0.0,-0.0,42.01,6.37,6.86,-210.04,0.0,-210.04,7328.79,0.0
210,0.0,0.0,42.89,2.5,0.0,0.0,0.0,1.0,0.0,57.18,4.01,2.05,0.0,5.01,5.01,7805.01,5.01
211,0.0,0.0,42.89,5.0,0.0,0.0,-0.0,1.0,0.0,66.27,7.94,6.73,0.0,19.85,19.85,7794.99,19.85
212,0.0,0.0,42.89,0.0,0.0,1.0,0.0,0.0,0.0,59.32,1.96,8.27,0.0,0.0,0.0,7794.67,0.0
213,10.0,0.0,51.89,0.0,0.0,1.0,0.0,0.0,0.0,38.14,1.68,2.44,-190.68,0.0,-190.68,8369.05,0.0
214,0.0,10.0,40.78,0.0,0.0,0.0,1.0,-0.0,0.0,61.02,7.55,2.9,305.09,0.0,305.09,8445.68,0.0
215,10.0,0.0,49.78,0.0,0.0,1.0,0.0,0.0,0.0,38.55,5.46,8.77,-192.76,0.0,-192.76,8298.93,0.0
216,0.0,0.0,49.78,0.0,7.5,0.0,0.0,0.0,1.0,44.06,7.2,2.45,0.0,9.18,9.18,8805.83,9.18
217,0.0,10.0,38.67,0.0,0.0,0.0,1.0,0.0,0.0,64.09,4.91,7.84,320.47,0.0,320.47,8318.81,0.0
218,0.0,0.0,38.67,0.0,0.0,1.0,0.0,0.0,0.0,58.37,3.22,4.94,0.0,0.0,0.0,7683.06,0.0
219,0.0,10.0,27.56,0.0,0.0,0.0,1.0,0.0,0.0,68.67,8.37,2.98,343.34,0.0,343.34,7031.68,0.0
220,0.0,0.0,27.56,0.0,0.0,1.0,-0.0,0.0,0.0,62.49,8.19,7.97,0.0,0.0,0.0,6317.06,0.0
221,0.0,0.0,27.56,0.0,7.5,0.0,0.0,0.0,1.0,55.48,7.25,4.56,0.0,17.11,17.11,6328.0,17.11
222,10.0,0.0,36.56,0.0,0.0,1.0,0.0,0.0,0.0,33.33,3.45,5.12,-166.63,0.0,-166.63,6878.45,0.0
223,0.0,0.0,36.56,0.0,7.5,0.0,0.0,0.0,1.0,48.42,6.31,3.87,0.0,14.53,14.53,7320.0,14.53
224,10.0,0.0,45.56,0.0,0.0,1.0,0.0,0.0,0.0,45.16,4.25,5.74,-225.82,0.0,-225.82,7870.37,0.0
225,10.0,0.0,54.56,0.0,0.0,1.0,0.0,0.0,0.0,37.59,1.82,2.31,-187.96,0.0,-187.96,8958.94,0.0
226,0.0,10.0,43.44,0.0,0.0,0.0,1.0,0.0,0.0,81.64,9.26,4.13,408.22,0.0,408.22,8846.01,0.0
227,0.0,0.0,43.44,0.0,0.0,1.0,0.0,0.0,0.0,50.93,2.23,8.76,0.0,0.0,0.0,8059.51,0.0
228,0.0,10.0,32.33,0.0,0.0,0.0,1.0,0.0,0.0,70.42,9.55,3.07,352.1,0.0,352.1,7421.93,0.0
229,0.0,0.0,32.33,0.0,0.0,1.0,0.0,0.0,0.0,65.29,5.01,6.25,0.0,0.0,0.0,6722.09,0.0
230,0.0,0.0,26.78,5.0,0.0,0.0,-0.0,1.0,0.0,73.95,2.67,3.6,0.0,6.67,6.67,6038.02,6.67
231,0.0,0.0,26.78,0.0,0.0,1.0,0.0,0.0,0.0,50.74,5.88,7.19,0.0,0.0,0.0,6056.36,0.0
232,0.0,0.0,26.78,2.5,0.0,0.0,-0.0,1.0,0.0,56.61,8.86,2.05,0.0,11.07,11.07,6080.73,11.07
233,0.0,0.0,26.78,0.0,7.5,0.0,0.0,0.0,1.0,57.69,7.59,8.76,0.0,32.84,32.84,6117.12,32.84
234,10.0,0.0,35.78,0.0,0.0,1.0,-0.0,0.0,-0.0,42.24,8.26,4.63,-211.22,0.0,-211.22,6626.85,0.0
235,0.0,0.0,35.78,0.0,0.0,1.0,0.0,0.0,0.0,62.97,6.93,2.89,0.0,0.0,0.0,7101.84,0.0
236,10.0,0.0,44.78,0.0,0.0,1.0,0.0,0.0,0.0,41.13,7.23,1.59,-205.66,0.0,-205.66,7648.2,0.0
237,10.0,0.0,53.78,0.0,0.0,1.0,0.0,0.0,0.0,29.92,8.64,2.36,-149.6,0.0,-149.6,8777.12,0.0
238,0.0,0.0,53.78,0.0,0.0,1.0,0.0,0.0,0.0,62.12,3.25,5.16,0.0,0.0,0.0,9123.29,0.0
239,10.0,0.0,62.78,0.0,0.0,1.0,0.0,0.0,0.0,40.04,5.4,3.7,-200.19,0.0,-200.19,9747.38,0.0
240,0.0,10.0,51.67,0.0,0.0,0.0,1.0,0.0,0.0,75.71,2.99,7.63,378.56,0.0,378.56,9556.55,0.0
241,0.0,10.0,40.56,0.0,0.0,0.0,1.0,0.0,0.0,77.32,9.89,4.45,386.61,0.0,386.61,8110.91,0.0
242,0.0,10.0,29.44,0.0,0.0,0.0,1.0,0.0,0.0,78.22,9.5,2.99,391.09,0.0,391.09,6706.75,0.0
243,10.0,0.0,38.44,0.0,0.0,1.0,0.0,0.0,0.0,43.87,1.35,5.94,-219.37,0.0,-219.37,6505.71,0.0
244,10.0,0.0,47.44,0.0,0.0,1.0,0.0,0.0,0.0,28.3,7.35,6.65,-141.49,0.0,-141.49,7591.72,0.0
245,0.0,10.0,36.33,0.0,0.0,0.0,1.0,0.0,0.0,78.55,9.33,2.34,392.75,0.0,392.75,7559.99,0.0
246,0.0,0.0,36.33,0.0,7.5,0.0,-0.0,0.0,1.0,55.36,2.63,2.34,0.0,8.78,8.78,6838.62,8.78
247,0.0,10.0,25.22,0.0,0.0,0.0,1.0,0.0,0.0,78.45,6.11,1.29,392.25,0.0,392.25,6134.59,0.0
248,0.0,10.0,14.11,0.0,0.0,0.0,1.0,0.0,0.0,78.5,9.24,6.89,392.51,0.0,392.51,4740.76,0.0
249,0.0,0.0,8.56,0.0,5.0,0.0,-0.0,0.0,1.0,68.72,1.31,6.31,0.0,15.78,15.78,3437.19,15.78
250,10.0,0.0,17.56,0.0,0.0,1.0,0.0,0.0,0.0,44.2,7.28,4.8,-220.98,0.0,-220.98,3963.73,0.0
251,10.0,0.0,26.44,0.0,0.0,1.0,0.0,0.0,0.0,49.58,3.68,7.75,-247.91,0.0,-247.91,5100.33,0.0
252,0.0,10.0,15.33,0.0,0.0,0.0,1.0,0.0,0.0,69.98,9.32,7.45,349.91,0.0,349.91,4958.94,0.0
253,0.0,0.0,15.33,5.0,0.0,0.0,0.0,1.0,0.0,43.54,9.74,5.68,0.0,24.35,24.35,4233.37,24.35
254,10.0,0.0,24.33,0.0,0.0,1.0,0.0,0.0,0.0,37.25,9.5,7.95,-186.24,0.0,-186.24,4855.06,0.0
255,0.0,0.0,24.33,5.0,0.0,0.0,0.0,1.0,0.0,53.04,5.27,2.65,0.0,13.17,13.17,5349.83,13.17
256,0.0,10.0,13.22,0.0,0.0,0.0,1.0,0.0,0.0,75.03,8.76,1.9,375.14,0.0,375.14,4684.97,0.0
257,0.0,0.0,13.22,0.0,0.0,1.0,0.0,0.0,0.0,61.92,8.6,3.16,0.0,0.0,0.0,4008.37,0.0
258,0.0,0.0,13.22,5.0,0.0,0.0,0.0,1.0,0.0,56.78,3.87,1.46,0.0,9.68,9.68,4212.93,9.68
259,10.0,0.0,22.22,0.0,0.0,1.0,0.0,0.0,0.0,31.06,8.46,5.25,-155.28,0.0,-155.28,4751.0,0.0
260,0.0,0.0,22.22,0.0,7.5,0.0,0.0,0.0,1.0,64.66,1.33,8.49,0.0,31.85,31.85,5147.58,31.85
261,0.0,10.0,11.11,0.0,0.0,0.0,1.0,0.0,0.0,80.44,6.37,1.31,402.19,0.0,402.19,4528.76,0.0
262,10.0,0.0,20.11,0.0,0.0,1.0,0.0,0.0,0.0,38.8,3.07,1.98,-193.98,0.0,-193.98,4338.53,0.0
263,0.0,0.0,20.11,0.0,0.0,1.0,0.0,0.0,0.0,58.81,2.09,4.62,0.0,0.0,0.0,4756.62,0.0
264,0.0,10.0,9.0,0.0,0.0,0.0,1.0,0.0,0.0,73.85,1.69,8.47,369.27,0.0,369.27,4062.84,0.0
265,0.0,0.0,9.0,5.0,0.0,0.0,0.0,1.0,0.0,62.91,7.27,3.53,0.0,18.17,18.17,3345.43,18.17
266,-0.0,0.0,9.0,0.0,0.0,1.0,0.0,0.0,0.0,65.22,4.06,5.06,0.0,0.0,0.0,3633.31,0.0
267,0.0,0.0,9.0,0.0,7.5,0.0,-0.0,0.0,1.0,65.99,7.52,1.33,0.0,5.0,5.0,3836.53,5.0
268,9.38,0.0,17.72,0.0,0.0,1.0,0.0,0.0,0.0,50.43,1.59,2.19,-236.58,0.0,-236.58,4435.53,0.0
269,10.0,0.0,26.72,0.0,0.0,1.0,0.0,0.0,0.0,44.0,3.84,8.89,-219.98,0.0,-219.98,5490.38,0.0
270,0.0,0.0,26.72,5.0,0.0,0.0,0.0,1.0,0.0,66.74,5.86,8.72,0.0,14.64,14.64,5986.82,14.64
271,0.0,8.1,16.67,0.0,0.0,0.0,1.0,0.0,0.0,68.34,8.12,1.04,276.79,0.0,276.79,5290.04,0.0
272,0.0,0.0,11.11,5.0,0.0,0.0,0.0,1.0,0.0,71.98,3.87,8.61,0.0,9.67,9.67,4022.83,9.67
273,0.0,0.0,5.56,5.0,0.0,0.0,0.0,1.0,0.0,77.12,6.63,6.11,0.0,16.58,16.58,3315.86,16.58
274,0.0,0.0,5.56,2.5,0.0,0.0,0.0,1.0,0.0,56.27,8.97,7.94,0.0,11.22,11.22,3409.41,11.22
275,0.0,0.0,5.56,0.0,7.5,0.0,0.0,0.0,1.0,53.64,6.54,4.64,0.0,17.39,17.39,3453.13,17.39
276,0.0,0.0,5.56,0.0,5.0,0.0,0.0,0.0,1.0,74.78,3.1,5.12,0.0,12.81,12.81,3473.71,12.81
277,0.0,0.0,5.56,0.0,0.0,1.0,0.0,0.0,0.0,63.56,1.22,4.91,0.0,0.0,0.0,3627.77,0.0
278,0.0,0.0,5.56,0.0,5.0,0.0,0.0,0.0,1.0,62.47,8.83,6.33,0.0,15.84,15.84,3688.72,15.84
279,0.0,0.0,5.56,0.0,5.0,0.0,0.0,0.0,1.0,65.81,1.19,2.12,0.0,5.29,5.29,3657.05,5.29
280,0.0,0.0,0.0,0.0,7.5,0.0,0.0,0.0,1.0,71.03,8.87,1.24,0.0,4.65,4.65,2915.53,4.65
281,0.0,0.0,0.0,0.0,5.0,0.0,0.0,-0.0,1.0,44.36,5.76,3.46,0.0,8.66,8.66,2906.23,8.66
282,0.0,0.0,0.0,0.0,5.0,0.0,0.0,0.0,1.0,45.39,9.45,6.64,0.0,16.59,16.59,2906.9,16.59
283,10.0,0.0,9.0,0.0,0.0,1.0,0.0,0.0,0.0,31.56,8.19,2.61,-157.82,0.0,-157.82,3373.27,0.0
284,0.0,0.0,9.0,0.0,7.5,0.0,0.0,0.0,1.0,56.76,9.98,6.39,0.0,23.95,23.95,3841.28,23.95
285,10.0,0.0,18.0,0.0,0.0,1.0,0.0,0.0,0.0,28.53,4.16,8.76,-142.65,0.0,-142.65,4326.25,0.0
286,0.0,0.0,18.0,2.5,0.0,0.0,0.0,1.0,0.0,57.25,7.9,1.75,0.0,9.88,9.88,4679.55,9.88
287,0.0,0.0,18.0,0.0,5.0,0.0,0.0,0.0,1.0,52.93,4.62,6.38,0.0,15.95,15.95,4694.21,15.95
288,0.49,0.0,22.72,0.0,0.0,1.0,0.0,0.0,0.0,44.57,5.32,4.55,-11.01,0.0,-11.01,5169.76,0.0
289,0.0,0.0,22.72,0.0,0.0,1.0,0.0,0.0,0.0,58.65,6.65,7.95,0.0,0.0,0.0,5469.7,0.0
290,10.0,0.0,31.72,0.0,0.0,1.0,0.0,0.0,0.0,36.35,8.86,2.42,-181.74,0.0,-181.74,6148.19,0.0
291,10.0,0.0,40.72,0.0,0.0,1.0,0.0,0.0,0.0,27.99,9.86,6.54,-139.94,0.0,-139.94,7022.52,0.0
292,0.0,10.0,29.61,0.0,0.0,0.0,1.0,0.0,0.0,70.11,7.91,7.7,350.54,0.0,350.54,6771.05,0.0
293,0.0,0.0,29.61,0.0,5.0,0.0,0.0,0.0,1.0,52.7,4.76,8.56,0.0,21.39,21.39,6124.56,21.39
294,10.0,0.0,38.61,0.0,0.0,1.0,0.0,0.0,0.0,40.01,4.79,6.47,-200.04,0.0,-200.04,6616.88,0.0
295,0.0,0.0,38.61,5.0,0.0,0.0,0.0,1.0,0.0,59.28,7.64,4.98,0.0,19.1,19.1,7056.11,19.1
296,0.0,10.0,27.5,0.0,0.0,0.0,1.0,0.0,0.0,66.08,3.15,5.94,330.39,0.0,330.39,6442.66,0.0
297,10.0,0.0,36.5,0.0,0.0,1.0,0.0,0.0,0.0,37.5,1.99,7.95,-187.5,0.0,-187.5,6307.4,0.0
298,0.0,0.0,36.5,0.0,5.0,0.0,0.0,0.0,1.0,62.83,4.19,5.56,0.0,13.91,13.91,6849.63,13.91
299,10.0,0.0,45.5,0.0,0.0,1.0,0.0,0.0,0.0,38.56,3.59,1.24,-192.81,0.0,-192.81,7397.62,0.0
300,10.0,0.0,54.5,0.0,0.0,1.0,0.0,0.0,0.0,33.15,3.67,8.45,-165.76,0.0,-165.76,8272.78,0.0
301,0.0,0.0,54.5,0.0,0.0,1.0,0.0,0.0,0.0,57.28,3.1,6.52,0.0,0.0,0.0,8665.02,0.0
302,0.0,0.0,54.22,0.0,0.0,1.0,0.0,0.0,0.0,54.83,1.38,6.41,0.0,0.0,0.0,8762.29,0.0
303,0.0,10.0,43.11,0.0,0.0,0.0,1.0,0.0,0.0,64.57,1.16,2.73,322.83,0.0,322.83,8164.54,0.0
304,0.0,10.0,32.0,0.0,0.0,0.0,1.0,0.0,0.0,63.18,9.89,6.27,315.88,0.0,315.88,7112.53,0.0
305,0.0,10.0,20.89,0.0,0.0,0.0,1.0,0.0,0.0,77.03,4.85,4.15,385.15,0.0,385.15,5871.89,0.0
306,0.0,0.0,20.89,5.0,0.0,0.0,0.0,1.0,0.0,55.07,4.46,6.21,0.0,11.15,11.15,5083.97,11.15
307,0.0,0.0,20.89,0.0,5.0,0.0,0.0,0.0,1.0,46.22,7.12,1.85,0.0,4.63,4.63,5061.67,4.63
308,0.0,10.0,9.78,0.0,0.0,0.0,1.0,0.0,0.0,67.18,2.96,6.26,335.92,0.0,335.92,4572.19,0.0
309,0.0,0.0,9.78,0.0,5.0,0.0,0.0,0.0,1.0,39.69,9.55,9.0,0.0,22.49,22.49,3874.6,22.49
310,0.0,0.0,9.78,0.0,5.0,0.0,0.0,0.0,1.0,53.05,8.08,1.39,0.0,3.46,3.46,3975.02,3.46
311,10.0,0.0,18.78,0.0,0.0,1.0,0.0,0.0,0.0,31.81,1.8,8.82,-159.05,0.0,-159.05,4695.98,0.0
312,10.0,0.0,27.78,0.0,0.0,1.0,0.0,0.0,0.0,32.08,4.76,4.26,-160.4,0.0,-160.4,5606.29,0.0
313,0.0,10.0,16.67,0.0,0.0,0.0,1.0,0.0,0.0,74.68,8.91,7.97,373.38,0.0,373.38,5340.69,0.0
314,0.0,10.0,5.56,0.0,0.0,0.0,1.0,0.0,0.0,71.61,9.5,7.26,358.05,0.0,358.05,3958.95,0.0
315,0.0,0.0,4.22,0.0,0.0,1.0,0.0,0.0,0.0,65.12,5.21,5.54,0.0,0.0,0.0,3146.82,0.0
316,0.0,0.0,4.22,0.0,0.0,1.0,0.0,0.0,0.0,45.97,6.52,6.91,0.0,0.0,0.0,3161.56,0.0
317,10.0,0.0,13.22,0.0,0.0,1.0,0.0,0.0,0.0,37.03,2.5,8.03,-185.15,0.0,-185.15,3848.74,0.0
318,10.0,0.0,22.22,0.0,0.0,1.0,-0.0,0.0,-0.0,34.17,9.92,4.23,-170.83,0.0,-170.83,4769.28,0.0
319,10.0,0.0,31.22,0.0,0.0,1.0,0.0,0.0,-0.0,38.15,3.09,3.62,-190.73,0.0,-190.73,5855.0,0.0
320,0.0,0.0,31.22,5.0,0.0,0.0,-0.0,1.0,0.0,62.36,9.48,6.34,0.0,23.71,23.71,6473.2,23.71
321,0.0,10.0,20.11,0.0,0.0,0.0,1.0,0.0,0.0,63.95,6.85,7.46,319.77,0.0,319.77,5815.5,0.0
322,0.0,0.0,20.11,5.0,0.0,0.0,-0.0,1.0,0.0,66.11,6.47,7.1,0.0,16.17,16.17,5182.64,16.17
323,0.0,0.0,20.11,0.0,7.5,0.0,0.0,0.0,1.0,41.54,5.61,7.38,0.0,27.68,27.68,5165.56,27.68
324,0.0,10.0,9.0,0.0,0.0,0.0,1.0,0.0,0.0,79.56,3.08,4.48,397.79,0.0,397.79,4478.25,0.0
325,0.0,4.3,1.06,0.0,0.0,-0.0,1.0,0.0,0.0,69.5,2.59,7.54,149.42,0.0,149.42,3052.21,0.0
326,0.0,0.0,1.06,0.0,0.0,1.0,0.0,0.0,0.0,58.67,2.98,1.96,0.0,0.0,0.0,2994.41,0.0
327,0.0,0.0,1.06,0.0,0.0,1.0,0.0,0.0,0.0,60.3,2.68,5.36,0.0,0.0,0.0,3020.98,0.0
328,0.0,0.0,1.06,0.0,0.0,1.0,0.0,0.0,0.0,50.1,8.02,1.05,0.0,0.0,0.0,3038.43,0.0
329,10.0,0.0,10.06,0.0,0.0,1.0,0.0,0.0,0.0,40.88,4.15,3.6,-204.38,0.0,-204.38,3773.89,0.0
330,0.0,0.0,10.06,5.0,0.0,0.0,0.0,1.0,0.0,52.09,1.52,3.93,0.0,3.8,3.8,4295.32,3.8
331,0.0,8.1,0.0,0.0,0.0,0.0,1.0,0.0,0.0,71.2,9.72,4.17,288.35,0.0,288.35,3874.64,0.0
332,10.0,0.0,9.0,0.0,0.0,1.0,0.0,0.0,0.0,35.37,8.95,6.56,-176.85,0.0,-176.85,3828.24,0.0
333,10.0,0.0,18.0,0.0,0.0,1.0,0.0,0.0,0.0,32.05,9.35,4.11,-160.23,0.0,-160.23,4676.71,0.0
334,10.0,0.0,27.0,0.0,0.0,1.0,0.0,0.0,0.0,34.61,9.95,4.59,-173.04,0.0,-173.04,5725.67,0.0
335,10.0,0.0,36.0,0.0,0.0,1.0,0.0,0.0,0.0,36.42,2.57,2.9,-182.1,0.0,-182.1,1264.5,0.0
